{"cameraMode":{"drawMode":0,"name":"Shaded","section":"Shading Mode"},"sceneLighting":false,"audioPlay":false,"sceneViewState":{"m_AlwaysRefresh":false,"showFog":true,"showSkybox":false,"showFlares":true,"showImageEffects":true,"showParticleSystems":true,"showVisualEffectGraphs":true,"m_FxEnabled":true},"in2DMode":false,"pivot":{"x":0.03033280372619629,"y":1.7908674478530884,"z":2.21567702293396},"rotation":{"x":0.09577644616365433,"y":0.9041591286659241,"z":-0.2886303961277008,"w":0.30002835392951968},"size":24.004688262939454,"orthographic":true}