{"cameraMode":{"drawMode":0,"name":"Shaded","section":"Shading Mode"},"sceneLighting":false,"audioPlay":false,"sceneViewState":{"m_AlwaysRefresh":false,"showFog":true,"showSkybox":false,"showFlares":true,"showImageEffects":true,"showParticleSystems":true,"showVisualEffectGraphs":true,"m_FxEnabled":true},"in2DMode":false,"pivot":{"x":-0.29133832454681399,"y":1.125011682510376,"z":-0.09615659713745117},"rotation":{"x":0.0991949737071991,"y":0.7554134726524353,"z":-0.11764898896217346,"w":0.6369219422340393},"size":20.733104705810548,"orthographic":true}