{"cameraMode":{"drawMode":0,"name":"Shaded","section":"Shading Mode"},"sceneLighting":false,"audioPlay":false,"sceneViewState":{"m_AlwaysRefresh":false,"showFog":true,"showSkybox":false,"showFlares":true,"showImageEffects":true,"showParticleSystems":true,"showVisualEffectGraphs":true,"m_FxEnabled":true},"in2DMode":false,"pivot":{"x":0.117095947265625,"y":2.0391857624053957,"z":0.2817569673061371},"rotation":{"x":0.09302190691232681,"y":0.9019322395324707,"z":-0.2438005805015564,"w":0.3441314995288849},"size":14.305365562438965,"orthographic":true}